"dataverse_publish_date","depositor_id","dataverse_id"
"2019-04-04","@ISJ",3393598
"2019-04-05","@ISJ",3393695
"2019-04-10","@gulustanbssjar",3205546
"2019-04-10","@gulustanbssjar",3407207
"2019-04-13","@AvisLivre",3408197
"2019-05-14","@vietnam",3428166
"2019-06-24","@expat",3454507
"2019-06-24","@grossirseins",3454508
"2019-06-24","@doctor_usa",3454509
"2019-06-24","@carabattersby",3454984
"2019-07-19","@SufyanIlyas",3474914
"2019-08-23","@gssrjournal",3543077
"2019-10-31","@ijbass",3612017
"2019-11-26","@ASC_Academic_Publishing",3636682
"2019-12-16","@dharma.journal",3645388
"2019-12-22","@andytou",3651845
"2020-01-01","@HofstadCoryAndrew",3654109
"2020-01-04","@regepe",3654402
"2020-01-08","@AFJBS",3656407
"2020-01-09","@AFJBS",3656609
"2020-01-09","@rahmanmdmizanur",3656803
"2020-01-11","@andytou",3657457
"2020-01-13","@andytou",3658035
"2020-01-14","@andytou",3659214
"2020-02-10","@thu",3679283
"2020-03-22","@UNWMATARAM",3779384
"2020-04-19","@jansenwongso",3809549
"2020-04-20","@willymike064",3810922
"2020-04-28","@dodekana",3820407
"2020-04-28","@dodekana",3820409
"2020-05-10","@sevices.leggornitz",3830844
"2020-05-15","@Njpas",3835490
"2020-07-13","@goodcleanfun",3983637
"2020-07-15","@dominopoker99",3984387
"2020-07-16","@kopi777",3985049
"2020-07-16","@mpoterbaru",3985391
"2020-07-16","@kopi777",3985414
"2020-07-16","@slotonlineid",3985416
"2020-07-17","@jhonpantauU123",3985418
"2020-07-17","@rinagatha",3985417
"2020-07-17","@jesicamonica",3985420
"2020-07-17","@menangjudi",3985481
"2020-07-17","@bolamega",3985484
"2020-07-17","@judislotonline",3985680
"2020-07-17","@trustedt",3985709
"2020-07-17","@trustedt",3985710
"2020-07-17","@loginmpo",3985822
"2020-07-18","@shantydeswinta",3986213
"2020-07-18","@riskaparasan",3986223
"2020-07-18","@sultanplay",3986265
"2020-07-19","@xelapui",3986474
"2020-07-19","@CMD398",3986507
"2020-07-19","@slot-online",3986509
"2020-07-19","@macauslot88",3986508
"2020-07-20","@lalakimtersia",3986608
"2020-07-20","@nadiabeliana",3986625
"2020-07-20","@ovo188",3986635
"2020-07-20","@mediaslots",3986637
"2020-07-20","@marinasina",3987118
"2020-07-20","@ovo365",3987120
"2020-07-20","@judimpo",3987129
"2020-07-20","@harapanqqpoker",3987153
"2020-07-21","@sultanbet89",3987346
"2020-07-21","@kimterryjen",3987362
"2020-07-21","@jerfannykim",3987367
"2020-07-21","@kopi777",3987368
"2020-07-21","@situsjudionlinemenangjudi",3987390
"2020-07-21","@tesplay",3987363
"2020-07-21","@situsjudionlinemenangjudi",3987391
"2020-07-22","@sultanbet89",3987994
"2020-07-22","@lvobet",3987995
"2020-07-22","@Situs_Resmi_Slot_Deposit_Pulsa",3988101
"2020-07-22","@lvobetpragmatic",3988312
"2020-07-23","@lvobethabanero",3988329
"2020-07-24","@hkg99slot",3992444
"2020-07-24","@Parjobackflip",3992071
"2020-07-24","@lidobet",3992074
"2020-07-24","@yamasura",3992126
"2020-07-24","@novia589",3992130
"2020-07-25","@situspokerqq",3992588
"2020-07-25","@novitalim",3992589
"2020-07-26","@CMD398",3992841
"2020-07-27","@prastaweb",3994110
"2020-07-28","@diannaraya102",3994456
"2020-07-28","@sintafadila",3994463
"2020-07-30","@slotsonline",3997652
"2020-08-01","@200Dollarsfake_",3999371
"2020-08-02","@Situs Judi Slot Online Deposit Pulsa Tanpa Potongan",3999944
"2020-08-02","@988sport",4000215
"2020-08-03","@beritamaluku",4001304
"2020-08-03","@beritamaluku",4001336
"2020-08-03","@beritamaluku",4001332
"2020-08-05","@agenslotjoker123online",4004071
"2020-08-05","@Grazyna541",4004695
"2020-08-06","@biancamartha",4005337
"2020-08-06","@serbubet_Judi_slot_Online_24jam",4005376
"2020-08-07","@babe88",4007694
"2020-08-07","@anjingguguk",4008364
"2020-08-08","@agensbobet88",4011881
"2020-08-08","@agensbobet88",4011882
"2020-08-08","@agensbobet88",4011883
"2020-08-08","@linkjudimpo",4011908
"2020-08-09","@93renataadney",4015067
"2020-08-09","@Situs Judi Slot Online Termurah",4015317
"2020-08-10","@sultanbet89",4003144
"2020-08-10","@macauslot88",4016289
"2020-08-11","@Sultanbe",4016533
"2020-08-11","@halenfrom",4016543
"2020-08-11","@dinagita52",4016577
"2020-08-11","@judislotpulsa",4016579
"2020-08-11","@billywarner43",4016580
"2020-08-11","@diandraarsya53",4016581
"2020-08-12","@sultanbet89",4017267
"2020-08-12","@dindarahayu",4017268
"2020-08-12","@venesia88",4017269
"2020-08-13","@judimesinmpo",4022101
"2020-08-13","@benjimen43",4022134
"2020-08-13","@vitaloka",4022135
"2020-08-13","@jarnikalim",4022151
"2020-08-13","@izone",4022153
"2020-08-15","@semangat88",4024188
"2020-08-14","@kimbell",4024049
"2020-08-17","@Amilebills",4027679
"2020-08-17","@kimbell",4027751
"2020-08-17","@treasurecoasthomes",4028418
"2020-08-18","@agenslotonline",4028448
"2020-08-18","@396club",4028449
"2020-08-18","@natalim",4028450
"2020-08-19","@natalim",4028844
"2020-08-19","@Amilebills",4028847
"2020-08-20","@sarbunan2020",4030295
"2020-08-21","@Judi_slot_online",4030822
"2020-08-22","@LVOBANKER",4031798
"2020-08-22","@baliplay",4032040
"2020-08-22","@daftarslotonline",4032044
"2020-08-22","@habaneroslot",4032042
"2020-08-22","@dominopoker88",4032041
"2020-08-22","@bandardepopulsa",4032046
"2020-08-23","@pedro365",4032071
"2020-08-23","@republiksportsbo",4032854
"2020-08-23","@republiksportsbo",4032856
"2020-08-23","@daftarpoker21",4032954
"2020-08-23","@tempopoker",4032955
"2020-08-23","@sidikul",4033001
"2020-08-24","@z11bet",4033106
"2020-08-24","@z11bet",4033107
"2020-08-24","@z11bet",4033108
"2020-08-24","@z11bet",4033109
"2020-08-24","@z11bet",4033110
"2020-08-24","@z11bet",4033111
"2020-08-24","@z11bet",4033112
"2020-08-24","@javaidhassan086",4033249
"2020-08-24","@z11bet",4033755
"2020-08-24","@SLOTTERPERCAYA",4033759
"2020-08-24","@mesinmpo",4033820
"2020-08-25","@harrisonblack",4033837
"2020-08-25","@harrisonblack",4033915
"2020-08-25","@thiagohalim",4033926
"2020-08-25","@sarjana88",4033942
"2020-08-25","@venesia88",4033943
"2020-08-25","@agenslots2020",4034425
"2020-08-25","@z11bet",4034428
"2020-08-26","@jasminewatson43",4034433
"2020-08-26","@Asia7bet",4034434
"2020-08-26","@Asiaking88",4034446
"2020-08-26","@venesia88",4034451
"2020-08-26","@Amilebills",4034453
"2020-08-26","@Good",4034303
"2020-08-26","@pcraffiamad",4034475
"2020-08-26","@agenslots2020",4034579
"2020-08-26","@Luffypoker",4034669
"2020-08-26","@chikasiau",4034684
"2020-08-26","@bandardepopulsa",4034691
"2020-08-26","@pokeronline88",4034697
"2020-08-26","@sidikul",4034698
"2020-08-27","@ablbet",4034703
"2020-08-27","@helnygress",4034706
"2020-08-27","@Mega88",4034705
"2020-08-27","@slotdepositpulsa",4034709
"2020-08-27","@slotdepositpulsa",4034714
"2020-08-27","@Judi_slot_online",4034713
"2020-08-27","@DaftarSitusJudiPoker",4034715
"2020-08-27","@helnygress",4034712
"2020-08-27","@angelonte",4034884
"2020-08-27","@alissicsykes",4034890
"2020-08-27","@pichai",4034892
"2020-08-27","@naziawarzawa",4034893
"2020-08-27","@tiarakirana",4034903
"2020-08-27","@ablbetlive",4034936
"2020-08-27","@helnygress",4034937
"2020-08-27","@kontolpecah",4034949
"2020-08-27","@kontolpecah",4034950
"2020-08-27","@daftarpoker211",4035012
"2020-08-27","@poker58",4035013
"2020-08-28","@situslotonline",4043338
"2020-08-28","@helnygress",4045189
"2020-08-28","@helnygress",4045385
"2020-08-29","@vanessa789",4045401
"2020-08-29","@helnygress",4045396
"2020-08-29","@ablbetlive12",4045444
"2020-08-29","@helnygress",4045482
"2020-08-29","@bandardepopulsa",4045483
"2020-08-29","@agensbobet",4045491
"2020-08-29","@slot188",4045492
"2020-08-29","@helnygress",4045629
"2020-08-29","@helnygress",4045628
"2020-08-30","@Amilebills",4051014
"2020-08-30","@Amilebills",4051030
"2020-08-30","@melania12",4051062
"2020-08-30","@Good",4051065
"2020-08-30","@daftarpokeronlineterbaru",4051109
"2020-08-30","@SLOTLIGATEMPO",4051111
"2020-08-30","@helnygress",4051151
"2020-08-30","@helnygress",4051152
"2020-08-31","@Luckybet89",4052498
"2020-08-31","@qqbomslot",4052874
"2020-08-31","@Skproduction",4052876
"2020-08-31","@helnygress",4052899
"2020-08-31","@helnygress",4052900
"2020-08-31","@votix",4052940
"2020-08-31","@totosgp",4053083
"2020-08-31","@Skproduction",4053102
"2020-08-31","@arjunkona",4053187
"2020-08-31","@arjunkona",4053665
"2020-09-01","@fannychannejen",4053843
"2020-09-01","@daftarjudislot",4054050
"2020-09-01","@slot777",4054057
"2020-09-01","@kornatures",4054271
"2020-09-01","@helnygress",4054273
"2020-09-01","@kornatures",4054314
"2020-09-01","@helnygress",4054315
"2020-09-01","@angelpoker",4054374
"2020-09-01","@biancaxunas",4054407
"2020-09-01","@biancaxunas",4054673
"2020-09-01","@idnpoker707",4054680
"2020-09-02","@Luckybet89",4054690
"2020-09-02","@iplaybet",4054695
"2020-09-02","@beritamaluku",4054711
"2020-09-02","@beritamaluku",4054712
"2020-09-02","@beritamaluku",4054718
"2020-09-02","@beritamaluku",4054717
"2020-09-02","@sultrynegation",4054739
"2020-09-02","@okezones",4054987
"2020-09-02","@helnygress",4055547
"2020-09-02","@helnygress",4055555
"2020-09-02","@helnygress",4055564
"2020-09-02","@helnygress",4055598
"2020-09-02","@helnygress",4055635
"2020-09-02","@helnygress",4055637
"2020-09-02","@helnygress",4055895
"2020-09-02","@helnygress",4055896
"2020-09-02","@beritamaluku",4055900
"2020-09-02","@beritamaluku",4055898
"2020-09-02","@beritamaluku",4055899
"2020-09-02","@beritamaluku",4055902
"2020-09-03","@idnplay",4055960
"2020-09-03","@idnpoker",4055967
"2020-09-03","@pokeronlineterbaik",4056107
"2020-09-03","@situsjudionline",4056109
"2020-09-03","@situsjudibola",4056120
"2020-09-03","@jarunhidon",4056209
"2020-09-03","@jarunhidon",4057005
"2020-09-03","@helnygress",4057007
"2020-09-04","@ocvanwi",4057355
"2020-09-04","@ocvanwi",4057356
"2020-09-04","@idnplay",4057357
"2020-09-04","@csport88",4057358
"2020-09-04","@daftarnova88",4057359
"2020-09-04","@situsjudionline",4057360
"2020-09-04","@masterslot88",4057388
"2020-09-04","@situsjudibola",4057389
"2020-09-04","@situsjudibola",4057392
"2020-09-04","@masterslot88",4057391
"2020-09-04","@idnplay",4057394
"2020-09-04","@arjunkona",4057401
"2020-09-04","@helnygress",4057710
"2020-09-04","@helnygress",4057726
"2020-09-04","@helnygress",4057728
"2020-09-04","@masterslot88",4057997
"2020-09-05","@DominoQQ88",4058032
"2020-09-05","@idnplay",4058586
"2020-09-05","@idnplay",4058815
"2020-09-05","@idnplay",4058816
"2020-09-05","@Bosslot168",4059145
"2020-09-05","@MarkShawn",4059245
"2020-09-05","@CalinHarris",4059247
"2020-09-05","@pnglive",4059292
"2020-09-06","@intihariani",4059364
"2020-09-06","@pelacur21",4059366
"2020-09-06","@Bosslot168",4059368
"2020-09-06","@Bosslot168",4059369
"2020-09-06","@stationjoker123",4059374
"2020-09-06","@idnplay",4059375
"2020-09-06","@idnplay",4059377
"2020-09-06","@idnplay",4059376
"2020-09-06","@daftar-situs-judi-poker-online-88-terpercaya-2020",4059588
"2020-09-06","@arjunkona",4059696
"2020-09-06","@agen-slot-game",4060040
"2020-09-06","@idnplay",4060041
"2020-09-06","@judi-slot-pulsa",4060046
"2020-09-06","@daftar-slot-pulsa",4060060
"2020-09-06","@harapanqq",4060177
"2020-09-06","@helnygress",4060197
"2020-09-06","@helnygress",4060198
"2020-09-06","@mitrapoker88",4060199
"2020-09-06","@helnygress",4060200
"2020-09-06","@idnplay",4060336
"2020-09-06","@idnplay",4060337
"2020-09-06","@idnplay",4060338
"2020-09-06","@intihariani",4060341
"2020-09-06","@Bosslot168",4060439
"2020-09-06","@adhie",4060441
"2020-09-07","@jesicakarmila",4060586
"2020-09-07","@ibusitisukma",4060588
"2020-09-07","@beritamaluku",4060589
"2020-09-07","@beritamaluku",4060700
"2020-09-07","@beritamaluku",4060701
"2020-09-07","@beritamaluku",4060702
"2020-09-07","@Krazonykraken",4061020
"2020-09-08","@agenslotjoker123online",4061023
"2020-09-08","@situslot777",4061046
"2020-09-08","@putri",4061051
"2020-09-08","@idnplay",4060352
"2020-09-08","@idnplay",4061063
"2020-09-08","@idnplay",4061064
"2020-09-08","@Nisa-Gunawan",4061041
"2020-09-08","@situsjudionline",4061065
"2020-09-08","@situsjudionline",4061066
"2020-09-08","@indobet88",4061069
"2020-09-08","@situsjudionline",4061094
"2020-09-08","@situsjudionline",4061104
"2020-09-08","@situsjudionline",4061108
"2020-09-08","@idnplay",4061142
"2020-09-08","@Idnpoker22",4061110
"2020-09-08","@situsjudionline",4061111
"2020-09-08","@situsjudionline",4061114
"2020-09-08","@agensbobetindonesia",4061122
"2020-09-08","@idnplay",4061121
"2020-09-08","@idnplay",4061123
"2020-09-08","@idnplay",4061141
"2020-09-08","@idnplay",4061140
"2020-09-08","@helnygress",4061150
"2020-09-08","@helnygress",4061155
"2020-09-08","@helnygress",4061158
"2020-09-08","@helnygress",4061157
"2020-09-08","@helnygress",4061156
"2020-09-08","@andrianwe",4061170
"2020-09-08","@helnygress",4061279
"2020-09-08","@helnygress",4061303
"2020-09-08","@helnygress",4061304
"2020-09-08","@helnygress",4061305
"2020-09-08","@helnygress",4061306
"2020-09-08","@helnygress",4061313
"2020-09-08","@helnygress",4061315
"2020-09-08","@idnplay",4061324
"2020-09-08","@idnplay",4061326
"2020-09-08","@idnplay",4061325
"2020-09-08","@situsjudionline",4061328
"2020-09-08","@helnygress",4061333
"2020-09-08","@helnygress",4061335
"2020-09-08","@helnygress",4061334
"2020-09-08","@idnplay",4061436
"2020-09-08","@idnplay",4061437
"2020-09-08","@idnplay",4061438
"2020-09-08","@idnplay",4061439
"2020-09-08","@idnplay",4061440
"2020-09-08","@idnplay",4061441
"2020-09-08","@beritamaluku",4061442
"2020-09-08","@beritamaluku",4061443
"2020-09-08","@beritamaluku",4061444
"2020-09-08","@Bosslot168",4061445
"2020-09-08","@idnplay",4061446
"2020-09-08","@idnplay",4061448
"2020-09-08","@idnplay",4061447
"2020-09-08","@beritamaluku",4061450
"2020-09-09","@idnplay",4061962
"2020-09-09","@putri",4061964
"2020-09-09","@idnplay",4061966
"2020-09-09","@situspokeronline",4061969
"2020-09-09","@idnplay",4061970
"2020-09-09","@situspokeronline",4061971
"2020-09-09","@situspokeronline",4061998
"2020-09-09","@pokeronline",4061968
"2020-09-09","@idnplay",4062001
"2020-09-09","@goldensslot",4062003
"2020-09-09","@Amilebills",4062019
"2020-09-09","@IDNPokerwin13",4062018
"2020-09-09","@Nisa-Gunawan",4062016
"2020-09-09","@idnplay",4062024
"2020-09-09","@Nisa-Gunawan",4062023
"2020-09-09","@mpocasino",4062029
"2020-09-09","@situsjudionline",4062043
"2020-09-09","@danarhamuk",4062044
"2020-09-09","@situsjudionline",4062048
"2020-09-09","@situsjudionline",4062046
"2020-09-09","@situsjudionline",4062050
"2020-09-09","@helnygress",4062220
"2020-09-09","@helnygress",4062221
"2020-09-09","@helnygress",4062227
"2020-09-09","@helnygress",4062228
"2020-09-09","@helnygress",4062248
"2020-09-09","@Nisa-Gunawan",4062434
"2020-09-09","@Bosslot168",4062436
"2020-09-09","@Bosslot168",4062438
"2020-09-09","@pokeronline22",4062441
"2020-09-10","@idnplay",4062448
"2020-09-10","@idnplay",4062449
"2020-09-10","@idnplay",4062450
"2020-09-10","@idnplay",4062451
"2020-09-10","@idnplay",4062452
"2020-09-10","@idnplay",4062453
"2020-09-10","@idnplay",4062454
"2020-09-10","@idnplay",4062455
"2020-09-10","@beritamaluku",4062456
"2020-09-10","@beritamaluku",4062459
"2020-09-10","@beritamaluku",4062460
"2020-09-10","@beritamaluku",4062461
"2020-09-10","@venesia88",4062462
"2020-09-10","@beritamaluku",4062463
"2020-09-10","@joker123",4062476
"2020-09-10","@pkvgames-daftar-situs-pkv-games-2020-2021",4063057
"2020-09-10","@pkvgames-daftar-situs-pkv-games-2020-2021",4063058
"2020-09-10","@pkvgames-daftar-situs-pkv-games-2020-2021",4063059
"2020-09-10","@pkvgames-daftar-situs-pkv-games-2020-2021",4063062
"2020-09-10","@pkvgames-daftar-situs-pkv-games-2020-2021",4063068
"2020-09-10","@pkvgames-daftar-situs-pkv-games-2020-2021",4063070
"2020-09-11","@pkvgames-daftar-situs-pkv-games-2020-2021",4063074
"2020-09-11","@pkvgames-daftar-situs-pkv-games-2020-2021",4063076
"2020-09-11","@Superbandar88",4063077
"2020-09-11","@idnplay",4063172
"2020-09-11","@idnplay",4063166
"2020-09-11","@idnplay",4063167
"2020-09-11","@idnplay",4063168
"2020-09-11","@idnplay",4063169
"2020-09-11","@idnplay",4063170
"2020-09-11","@idnplay",4063171
"2020-09-11","@idnplay",4063173
"2020-09-11","@beritamaluku",4063197
"2020-09-11","@beritamaluku",4063198
"2020-09-11","@Nisa-Gunawan",4063199
"2020-09-11","@beritamaluku",4063201
"2020-09-11","@beritamaluku",4063202
"2020-09-11","@beritamaluku",4063203
"2020-09-11","@johnhomes",4063200
"2020-09-11","@pkvgames",4064300
"2020-09-11","@pkvgames",4064301
"2020-09-11","@pkvgames",4064302
"2020-09-11","@pkvgames",4064303
"2020-09-11","@pkvgames",4064304
"2020-09-11","@pkvgames",4064305
"2020-09-11","@pkvgames",4064306
"2020-09-12","@idnplay",4064361
"2020-09-12","@idnplay",4064364
"2020-09-12","@idnplay",4064447
"2020-09-12","@billyelis",4064459
"2020-09-12","@tigabelasnews",4064521
"2020-09-13","@helnygress",4064804
"2020-09-13","@helnygress",4064836
"2020-09-13","@gopkvgames",4064844
"2020-09-13","@idnplay",4064849
"2020-09-14","@gopkvgames",4066663
"2020-09-14","@gopkvgames",4066664
"2020-09-14","@slotonline777",4066694
"2020-09-14","@helnygress",4066711
"2020-09-14","@gopkvgames",4067073
"2020-09-14","@gopkvgames",4067076
"2020-09-14","@gopkvgames",4067074
"2020-09-15","@mainslot",4067223
"2020-09-15","@mainpoker",4067230
"2020-09-15","@IndoBIG",4067233
"2020-09-15","@gopkvgames",4067257
"2020-09-15","@gopkvgames",4067259
"2020-09-15","@gopkvgames",4067258
"2020-09-15","@pevitap98",4067264
"2020-09-15","@pokerme89",4067265
"2020-09-15","@mainslot123",4067268
"2020-09-15","@bandardepopulsa",4067269
"2020-09-15","@bandardepopulsa",4067287
"2020-09-15","@ligatempojoker123",4067484
"2020-09-15","@helnygress",4067485
"2020-09-15","@helnygress",4067486
"2020-09-15","@gopkvgames",4068034
"2020-09-15","@gopkvgames",4068035
"2020-09-15","@gopkvgames",4068036
"2020-09-15","@Venesia",4068059
"2020-09-16","@daftarslot123",4068060
"2020-09-16","@tesplayslot",4068074
"2020-09-16","@agenslot123",4070478
"2020-09-16","@idnplay",4071320
"2020-09-16","@helnygress",4071343
"2020-09-16","@helnygress",4072386
"2020-09-16","@helnygress",4072385
"2020-09-16","@helnygress",4072600
"2020-09-16","@helnygress",4072601
"2020-09-16","@helnygress",4074455
"2020-09-16","@helnygress",4074454
"2020-09-16","@helnygress",4074456
"2020-09-17","@DaftarSitusJudiPokerOnlineTerpercaya",4075250
"2020-09-17","@idnpokeronline",4075440
"2020-09-17","@idnslot",4075441
"2020-09-17","@idnplay",4075468
"2020-09-17","@idnplay",4075466
"2020-09-17","@idnplay",4075470
"2020-09-17","@helnygress",4075816
"2020-09-17","@helnygress",4075817
"2020-09-17","@helnygress",4076925
"2020-09-17","@helnygress",4076926
"2020-09-17","@helnygress",4076924
"2020-09-17","@gopkvgames",4077794
"2020-09-17","@gopkvgames",4077795
"2020-09-17","@helnygress",4077798
"2020-09-17","@helnygress",4077800
"2020-09-17","@helnygress",4077799
"2020-09-17","@gopkvgames",4077801
"2020-09-17","@gopkvgames",4077802
"2020-09-18","@helnygress",4077803
"2020-09-18","@helnygress",4077805
"2020-09-18","@idrbaru",4077808
"2020-09-18","@linglingmeikarta",4077958
"2020-09-18","@Jennifer_Luwis-58",4077809
"2020-09-18","@idnplay",4078333
"2020-09-18","@idnplay",4078334
"2020-09-18","@idnplay",4078335
"2020-09-18","@idnplay",4078479
"2020-09-18","@idnplay",4078485
"2020-09-18","@idnplay",4078486
"2020-09-18","@idnplay",4078487
"2020-09-18","@tefal",4078672
"2020-09-18","@tefal",4078673
"2020-09-18","@helnygress",4078796
"2020-09-18","@idnplay",4079278
"2020-09-18","@idnplay",4079279
"2020-09-19","@cintaslot777",4079706
"2020-09-19","@tefal",4079924
"2020-09-19","@idnpokerasia",4079925
"2020-09-19","@idnplay",4080145
"2020-09-19","@idnplay",4080146
"2020-09-19","@idnplay",4080147
"2020-09-19","@idnpokerasia",4080362
"2020-09-19","@idnplay",4080378
"2020-09-19","@idnplay",4080375
"2020-09-19","@idnplay",4080376
"2020-09-19","@idnplay",4080377
"2020-09-19","@cintaslot777",4080379
"2020-09-20","@bonusslot",4080690
"2020-09-20","@idnplay",4081165
"2020-09-20","@idnplay",4081164
"2020-09-20","@idnsport",4081269
"2020-09-20","@iboplay",4081268
"2020-09-20","@hago4d",4081250
"2020-09-20","@lapaksitus",4081274
"2020-09-21","@situspoker88",4081787
"2020-09-21","@pnglive",4082604
"2020-09-21","@pnglive",4082609
"2020-09-21","@tikadewi",4082939
"2020-09-22","@M4nja_bingits-.",4083013
"2020-09-22","@ayamjago",4083108
"2020-09-22","@idnpokeronline",4083118
"2020-09-22","@gopkvgames",4088137
"2020-09-23","@key76",4089638
"2020-09-23","@clausiee99",4089645
"2020-09-23","@ratupurnami",4092750
"2020-09-23","@paramaster88",4092788
"2020-09-23","@helnygress",4093082
"2020-09-23","@helnygress",4093092
"2020-09-24","@helnygress",4093111
"2020-09-24","@helnygress",4093110
"2020-09-24","@testeraja",4093119
"2020-09-24","@helnygress",4093193
"2020-09-24","@helnygress",4093194
"2020-09-24","@situsbettingkami",4093252
"2020-09-24","@helnygress",4093334
"2020-09-24","@gopkvgames",4093345
"2020-09-24","@helnygress",4093347
"2020-09-24","@helnygress",4093346
"2020-09-24","@helnygress",4093348
"2020-09-25","@gopkvgames",4093412
"2020-09-25","@slotonlinempo",4093413
"2020-09-25","@helnygress",4095077
"2020-09-25","@duniapingu",4095110
"2020-09-25","@gopkvgames",4095428
"2020-09-25","@helnygress",4095433
"2020-09-26","@bandardepopulsa",4095452
"2020-09-26","@gopkvgames",4095453
"2020-09-26","@iniwargaenamdua",4095455
"2020-09-26","@iniwargaenamdua",4095455
"2020-09-26","@helnygress",4095500
"2020-09-26","@joker123",4095501
"2020-09-26","@robotjackpot88",4095528
"2020-09-27","@casinoslotonline888",4095699
"2020-09-27","@rinolui",4096622
"2020-09-27","@dwonloadslotjoker",4096625
"2020-09-27","@LIGATEMPO",4096626
"2020-09-27","@slotonlineindonesia",4096635
"2020-09-27","@pokeronline2020",4096638
"2020-09-27","@judislotonlinempo777",4096641
"2020-09-27","@pecintaslot",4096645
"2020-09-27","@slotonline123",4096648
"2020-09-27","@bayi-poker",4096649
"2020-09-27","@pecintaslotonline777",4096650
"2020-09-27","@ligatempo77",4096709
"2020-09-27","@mainslotmpo777",4096653
"2020-09-27","@temopoker",4096654
"2020-09-27","@iab-turkiye",4096655
"2020-09-27","@macauslot88",4096656
"2020-09-27","@rubah4d",4096659
"2020-09-27","@sultanwijayacs",4096677
"2020-09-27","@helnygress",4096678
"2020-09-27","@helnygress",4096680
"2020-09-27","@ligatempo77",4096682
"2020-09-27","@justhavard",4096683
"2020-09-27","@helnygress",4096681
"2020-09-27","@judicasinoslotonline888",4096710
"2020-09-27","@ligatempo77",4096711
"2020-09-27","@ligatempo77",4096712
"2020-09-27","@ligatempo77",4096713
"2020-09-27","@ligatempo77",4096714
"2020-09-27","@ligatempo77",4096715
"2020-09-27","@ligatempo77",4096716
"2020-09-27","@ligatempo77",4096717
"2020-09-27","@ligatempo77",4096719
"2020-09-27","@ligatempo77",4096720
"2020-09-27","@ligatempo77",4096721
"2020-09-27","@ligatempo77",4096722
"2020-09-27","@ligatempo77",4096723
"2020-09-27","@rubah4d",4096724
"2020-09-27","@helnygress",4096708
"2020-09-27","@helnygress",4096786
"2020-09-27","@helnygress",4096787
"2020-09-27","@gamecasinoslotonline888",4096823
"2020-09-27","@gamecasinoslotonline888",4096822
"2020-09-27","@helnygress",4096824
"2020-09-27","@gamescasinoslotonline888",4096830
"2020-09-27","@gamescasinoslotonline888",4096831
"2020-09-27","@helnygress",4096832
"2020-09-27","@helnygress",4096837
"2020-09-27","@gamescasinoslotonline888",4096838
"2020-09-27","@gamescasinoslotonline888",4096839
"2020-09-27","@good2020",4096845
"2020-09-27","@good2020",4096842
"2020-09-27","@good2020",4096843
"2020-09-27","@good2020",4096844
"2020-09-27","@situsjudislotterbaik",4096846
"2020-09-27","@situsjudislotterbaik",4096847
"2020-09-27","@situsjudislotterbaik",4096848
"2020-09-27","@gopkvgames",4096849
"2020-09-27","@situsjudislotterbaik",4096850
"2020-09-27","@situsjudislotterbaik",4096851
"2020-09-27","@situsjudislotterbaik",4096852
"2020-09-27","@situsjudislotterbaik",4096853
"2020-09-27","@situsjudislotterbaik",4096854
"2020-09-27","@situsjudislotterbaik",4096855
"2020-09-27","@sultanwijayacs",4096856
"2020-09-27","@sultanwijayacs",4096857
"2020-09-27","@iniwargaenamdua",4096858
"2020-09-27","@helnygress",4096859
"2020-09-27","@pokerbisonidn",4096871
"2020-09-27","@helnygress",4096872
"2020-09-27","@judislotmpo77",4096873
"2020-09-28","@bandardepopulsa",4096874
"2020-09-28","@judislotmpo77",4097154
"2020-09-28","@judislotmpo77",4097155
"2020-09-28","@judislotmpo77",4097156
"2020-09-28","@LIGATEMPO2020",4097157
"2020-09-28","@judislotmpo77",4097160
"2020-09-28","@judislotmpo77",4097161
"2020-09-28","@agenslotmpo",4097162
"2020-09-28","@bandardepopulsa",4097163
"2020-09-28","@sekodilemo",4097165
"2020-09-28","@bandardepopulsa",4097166
"2020-09-28","@bandardepopulsa",4097173
"2020-09-28","@bandardepopulsa",4097174
"2020-09-28","@iniwargaenamdua",4097410
"2020-09-28","@robotjackpot88",4097413
"2020-09-28","@bandardepopulsa",4097414
"2020-09-28","@bandardepopulsa",4097417
"2020-09-28","@bandardepopulsa",4097418
"2020-09-28","@bandardepopulsa",4097446
"2020-09-28","@bandardepopulsa",4097448
"2020-09-28","@bandardepopulsa",4097444
"2020-09-28","@bandardepopulsa",4097445
"2020-09-28","@bandardepopulsa",4097447
"2020-09-28","@bandardepopulsa",4097460
"2020-09-28","@bandardepopulsa",4097461
"2020-09-28","@bandardepopulsa",4097462
"2020-09-28","@bandardepopulsa",4097463
"2020-09-28","@bandardepopulsa",4097464
"2020-09-29","@bandardepopulsa",4098003
"2020-09-29","@bandardepopulsa",4098010
"2020-09-29","@helnygress",4098243
"2020-09-30","@viva99",4098419
"2020-10-01","@tempopokeridnplay",4098694
"2020-10-01","@casinoslotonline88",4098712
"2020-10-01","@casinoslotonline88",4098733
"2020-10-01","@ovo4dofficial",4098788
"2020-10-01","@bandardepopulsa",4099726
"2020-10-01","@bandardepopulsa",4099727
"2020-10-02","@sultanseo",4099787
"2020-10-02","@bandar-judi",4099789
"2020-10-02","@bandardepopulsa",4099933
"2020-10-02","@Hoki368",4099936
"2020-10-02","@turnryn",4099938
"2020-10-03","@Louiscap",4099939
"2020-10-03","@sa7256506",4099940
"2020-10-03","@kimiko",4099954
"2020-10-03","@pokerampm",4100258
"2020-10-03","@pokerampm",4100259
"2020-10-03","@pokerampm",4100260
"2020-10-03","@golcash",4100261
"2020-10-03","@golcash",4100262
"2020-10-04","@golcash",4100926
"2020-10-04","@asuspoker",4100728
"2020-10-04","@golcash",4100925
"2020-10-04","@pokerampm",4100994
"2020-10-04","@pokerampm",4101000
"2020-10-04","@indosport99",4101001
"2020-10-04","@indosport99",4101002
"2020-10-04","@wimsitohang",4101124
"2020-10-04","@mainslot1234",4101220
"2020-10-04","@jihyo97",4101316
"2020-10-04","@mainslot1234",4101322
"2020-10-05","@sekodilemo",4101522
"2020-10-05","@situsslotpulsa",4101583
"2020-10-05","@targetqq",4101595
"2020-10-06","@wimsitohang",4104724
"2020-10-06","@bandardepopulsa",4105233
"2020-10-07","@bandardepopulsa",4105294
"2020-10-07","@situsjudislot777",4105296
"2020-10-07","@situsjudislot777",4105299
"2020-10-07","@situsjudislot777",4105300
"2020-10-07","@situsjudislot777",4105301
"2020-10-07","@situsjudislot777",4105302
"2020-10-07","@situsjudislot777",4105303
"2020-10-07","@situsjudislot777",4105307
"2020-10-07","@situsjudislot777",4105309
"2020-10-07","@situsjudislot777",4105310
"2020-10-07","@situsjudislot777",4105312
"2020-10-07","@situsjudislot777",4105314
"2020-10-07","@situsjudislot777",4105315
"2020-10-07","@situsjudislot777",4105317
"2020-10-07","@situsjudislot777",4105316
"2020-10-07","@situsjudislot777",4105320
"2020-10-07","@situsjudislot777",4105335
"2020-10-07","@situsjudislot777",4105321
"2020-10-07","@situsjudislot777",4105333
"2020-10-07","@situsjudislot777",4105334
"2020-10-07","@situsjudislot777",4105336
"2020-10-07","@bandardepopulsa",4105342
"2020-10-07","@PromoBonus100",4105352
"2020-10-07","@slot188",4105447
"2020-10-07","@jennie96",4105579
"2020-10-08","@Bola369",4105674
"2020-10-08","@turnryn",4105677
"2020-10-08","@slot188",4105694
"2020-10-08","@slot188",4105695
"2020-10-08","@slot188",4105696
"2020-10-08","@bandarbolaonline",4105804
"2020-10-09","@Bola369",4105828
"2020-10-09","@bandardepopulsa",4106154
"2020-10-09","@bandardepopulsa",4106155
"2020-10-10","@QQMuliaa",4106296
"2020-10-11","@idnplay",4106444
"2020-10-11","@Dewacintaqq",4106446
"2020-10-11","@Pria91",4106447
"2020-10-11","@situsslotpulsa",4106473
"2020-10-12","@Dewacintaqq",4106478
"2020-10-12","@beritamaluku",4135861
"2020-10-12","@beritamaluku",4135862
"2020-10-12","@beritamaluku",4135863
"2020-10-12","@Dewacintaqq1",4135933
"2020-10-12","@beritamaluku",4137440
"2020-10-12","@beritamaluku",4137439
"2020-10-12","@beritamaluku",4137441
"2020-10-13","@dewacinta",4137683
"2020-10-13","@dewacinta",4138991
"2020-10-13","@dewacinta",4139067
"2020-10-14","@gopkvgames",4139547
"2020-10-14","@somanjayaabadi",4140760
"2020-10-15","@idnpoker99",4142346
"2020-10-15","@A1Togel",4142350
"2020-10-15","@helnygress",4142643
"2020-10-15","@helnygress",4142646
"2020-10-15","@Skproduction",4142651
"2020-10-15","@agendomino",4142768
"2020-10-18","@Link-Alternatif-QQkini_88.",4143940
"2020-10-18","@Ug-88.Bet_88",4144102
"2020-10-21","@Skproduction",4147860
"2020-10-21","@TEMPOPOKER2020",4150032
"2020-10-21","@TEMPOPOKER2020",4150034
"2020-10-21","@TEMPOPOKER2020",4150033
"2020-10-21","@TEMPOPOKER2020",4150035
"2020-10-21","@TEMPOPOKER2020",4150036
"2020-10-22","@pokeronline",4150048
"2020-10-22","@Fransisca",4150049
"2020-10-23","@sisilmaudy",4150809
"2020-10-24","@Ug-88.Bet_88",4152329
"2020-10-26","@sisilmaudy",4155125
"2020-10-26","@mposlotdepositpulsa",4157569
"2020-10-29","@slot online",4159959
"2020-10-30","@s128apk",4160969
"2020-10-30","@s128apk",4160970
"2020-10-30","@s128apk",4160971
"2020-10-30","@SV388",4160975
"2020-10-30","@SV388",4160976
"2020-10-30","@SV388",4160977
"2020-10-30","@sbobetligatempo2020",4160980
"2020-10-31","@utama4d2",4161578
"2020-11-01","@fafaslot",4163522
"2020-11-01","@fafaslot",4163523
"2020-11-01","@fafaslot",4163524
"2020-11-01","@fafaslot",4163525
"2020-11-01","@fafaslot",4163526
"2020-11-01","@fafaslot",4163527
"2020-11-01","@fafaslot",4163528
"2020-11-01","@fafaslot",4163529
"2020-11-03","@agenslot",4164292
"2020-11-03","@Dianwulandari",4164421
"2020-11-04","@seo128",4164282
"2020-11-04","@dompetpoker",4164594
"2020-11-04","@seo128",4164595
"2020-11-04","@agensv388",4165080
"2020-11-05","@agenjoker123",4165385
"2020-11-05","@afinashirla",4165657
"2020-11-06","@TEMPOPOKERIDN",4165756
"2015-12-17","@fernandomeneses",2743872
"2015-12-17","@fernandomeneses",2743872
"2016-03-10","@observatorio",2791835
"2016-03-11","@PHDLIS2016",2792563
"2016-07-16","@Mustafa.Nourallah",2851729
"2016-08-27","@madania",2866834
"2016-09-05","@gustavocaraujo",2867622
"2016-10-27","@soum-itoshimo",2910712
"2016-11-11","@researchalert",2917360
"2016-12-13","@polipapers",2964344
"2017-05-05","@akharvard",3016721
"2017-05-06","@dostahl2",3016756
"2018-01-17","@widodo1985",3106695
"2018-02-22","@tomhroz",3127833
"2018-06-16","@john.reimon",3177855
"2018-09-13","@manu.ieee",3221715
"2018-10-31","@152215006",3298989
"2019-02-21","@wyutsai",3370406
"2019-04-04","@ISJ",3393493
